Country,1991,1992,1993,1994,1995,1996,1997,1998,1999,2000,2001,2002,2003,2004,2005,2006,2007,2008,2009,2010,2011,2012,2013,2014,2015,2016,2017
Afghanistan,12.03100014,10.64500046,12.36800003,12.29899979,8.701999664,11.13799953,11.10900021,11.01299953,11.06900024,11.18400002,11.58399963,8.690999985,8.852999687,10.0010004,8.470000267,9.05700016,7.802000046,8.755000114,6.704999924,7.821000099,8.229999542,7.93599987,8.451999664,8.706000328,8.86400032,8.840999603,8.836999893
Angola,23.64999962,23.64299965,23.63599968,23.76199913,23.91699982,23.95400047,23.88899994,23.84399986,23.77499962,23.73399925,23.72500038,23.79000092,23.62800026,23.63999939,21.3579998,19.08499908,16.80400085,14.4989996,12.13700008,9.862999916,7.360000134,7.347000122,7.330999851,7.306000233,7.281000137,7.723999977,8.166999817
Albania,22.3239994,22.64699936,24.82600021,24.58300018,23.86100006,23.39800072,23.19499969,23.03300095,23.29000092,22.72999954,22.68000031,21.48800087,20.15299988,18.81800079,17.46299934,16.04000092,13.5,13.05000019,13.76000023,14.19999981,13.97999954,13.43999958,15.64000034,17.48999977,17.07999992,15.22000027,13.86699963
Arab World,12.66223386,12.9218521,13.40551934,13.68105214,14.25614793,13.70572339,13.24790292,13.19671928,12.3271838,12.60221023,12.86802576,12.93963468,13.11944589,12.16670568,11.80338605,11.01123764,10.53325383,10.14122554,9.773683722,10.35360593,10.37160061,10.59363501,10.48269566,10.4488969,10.42737455,10.27383543,10.18354974
United Arab Emirates,1.807999969,1.832000017,1.797000051,1.838999987,1.799999952,1.889000058,2.013000011,2.016000032,2.108999968,2.25,2.407000065,2.648999929,2.930000067,3.098999977,3.119999886,3.176000118,3.184999943,4.010000229,4.170000076,3.813999891,3.539000034,3.167000055,2.819000006,2.437000036,2.095999956,1.639999986,1.715999961
Argentina,5.550000191,6.360000134,10.10000038,11.94999981,18.79999924,17.20000076,14.89000034,12.68999958,14.10000038,15.02999973,17.35000038,19.61000061,15.39999962,13.52000046,11.51000023,10.07999992,8.470000267,7.840000153,8.649999619,7.380000114,7.050000191,7.340000153,6.610000134,7.019999981,6.882999897,8.395999908,8.737999916
Armenia,1.988000035,1.799999952,5.300000191,6.599999905,6.699999809,9.300000191,10.80000019,9.399999619,11.19999981,10.91399956,10.60299969,10.44499969,10.10000038,9.600000381,8.199999809,7.5,12.00699997,16.37000084,18.73999977,19.01000023,18.44000053,17.30999947,16.18000031,17.5,18.26000023,18.04000092,18.18700027
Australia,9.579999924,10.72999954,10.86999989,9.720000267,8.470000267,8.510000229,8.359999657,7.679999828,6.869999886,6.28000021,6.739999771,6.369999886,5.929999828,5.389999866,5.03000021,4.78000021,4.380000114,4.230000019,5.559999943,5.210000038,5.079999924,5.21999979,5.659999847,6.070000172,6.059999943,5.71999979,5.679999828
Austria,3.420000076,3.589999914,4.25,3.529999971,4.349999905,5.28000021,5.150000095,5.519999981,4.699999809,4.690000057,4.010000229,4.849999905,4.78000021,5.829999924,5.630000114,5.239999771,4.860000134,4.130000114,5.300000191,4.820000172,4.559999943,4.869999886,5.329999924,5.619999886,5.71999979,6.010000229,5.486000061
Azerbaijan,8.93900013,7.208000183,7.277999878,7.735000134,7.971000195,11.74600029,11.84700012,11.79199982,11.8760004,11.80000019,10.89999962,10,9.25,8,7.300000191,6.619999886,6.539999962,6.050000191,5.739999771,5.630000114,5.420000076,5.190000057,4.96999979,4.909999847,4.960000038,5,5.032000065
Burundi,1.639999986,1.633000016,1.629999995,1.633999944,1.643000007,1.649000049,1.659999967,1.672999978,1.684000015,1.697000027,1.700999975,1.700999975,1.697000027,1.68900001,1.677999973,1.664999962,1.649000049,1.633999944,1.603999972,1.574000001,1.544999957,1.514999986,1.485999942,1.570000052,1.57099998,1.590999961,1.552999973
Belgium,6.989999771,6.699999809,8.079999924,9.649999619,9.340000153,9.479999542,8.960000038,9.319999695,8.649999619,6.590000153,6.179999828,6.909999847,7.679999828,7.360000134,8.43999958,8.25,7.460000038,6.980000019,7.909999847,8.289999962,7.139999866,7.539999962,8.430000305,8.520000458,8.479999542,7.829999924,7.354000092
Benin,1.506999969,1.50999999,1.417999983,1.332000017,1.241999984,1.156000018,1.069000006,0.986000001,0.90200001,0.819999993,0.74000001,0.689999998,0.751999974,0.81099999,0.866999984,0.921999991,0.975000024,1.024999976,1.072000027,1.039999962,2.650000095,2.644000053,2.637000084,2.631000042,2.627000093,2.54399991,2.46600008
Burkina Faso,2.608999968,2.599999905,2.601000071,2.599999905,2.578999996,2.555999994,2.526000023,2.5,2.555000067,2.602999926,2.65899992,2.707000017,2.779999971,3.375,4,2.329999924,3.299999952,3.749000072,4.190999985,4.65199995,5.097000122,5.548999786,6.002999783,6.5,6.493999958,6.390999794,6.303999901
Bangladesh,2.200000048,2.298000097,2.417000055,2.515000105,2.607000113,2.50999999,2.713999987,2.938999891,3.128999949,3.269999981,3.407999992,3.558000088,4.320000172,4.361999989,4.25,3.589999914,3.910000086,4.238999844,5,3.380000114,3.650000095,3.914000034,4.429999828,4.428999901,4.427000046,4.349999905,4.367000103
Bulgaria,21.24699974,21.39599991,21.38999939,20.17000008,15.90999985,13.75,13.69999981,12.19999981,14.10000038,16.21999931,19.92000008,18.11000061,13.72999954,12.03999996,10.07999992,8.949999809,6.880000114,5.610000134,6.820000172,10.27999973,11.26000023,12.27000046,12.93999958,11.42000008,9.140000343,7.570000172,6.278999805
Bahrain,6.349999905,6.453000069,6.361999989,6.089000225,5.860000134,5.829999924,5.730000019,5.730000019,5.681000233,5.587999821,5.5,7.375999928,8.342000008,9,7.831999779,6.828999996,5.794000149,4.715000153,3.661000013,1.129999995,1.230000019,1.200000048,1.236999989,1.22300005,1.192999959,1.251000047,1.309999943
"Bahamas, The",12.17000008,14.81000042,12.72000027,13.82999992,10.82999992,11.46000004,9.760000229,7.650000095,7.449999809,7.181000233,6.869999886,9.050000191,10.84000015,10.19999981,10.19999981,7.599999905,7.880000114,8.180000305,14.25,14.31799984,14.52000046,14.02000046,16.18000031,13.80000019,12,12.69999981,12.57299995
Bosnia and Herzegovina,17.54999924,18.41300011,19.72200012,21.50799942,22.39800072,21.41500092,22.20999908,23.26399994,24.57999992,25.38599968,26.34499931,27.01399994,27.93099976,28.6060009,29.80800056,31.10000038,28.93000031,23.29999924,24.03000069,27.20000076,27.60000038,28.04999924,27.45000076,27.52000046,26.26000023,25.05999947,25.57299995
Belarus,0.832000017,0.588999987,0.602999985,0.619000018,0.630999982,0.896000028,0.902999997,0.893999994,0.927999973,0.907999992,0.899999976,0.916999996,0.908999979,0.899999976,0.880999982,0.875,0.879000008,0.870999992,0.899999976,1.149999976,0.680000007,0.620000005,0.50999999,0.49000001,0.493000001,0.488000005,0.481000006
Belize,3.799999952,5.631999969,9.770000458,11.10000038,12.47999954,13.81999969,12.68000031,14.31000042,12.84000015,10.96100044,9.069999695,10.03999996,10.29599953,10.55099964,11.01000023,9.390000343,8.510000229,8.180000305,10.01399994,11.30000019,12.85999966,14.27000046,11.68000031,11.56999969,9.970000267,7.909999847,7.617000103
Bolivia,5.900000095,5.519999981,5.989999771,3.140000105,3.690000057,5.230000019,2.079999924,2.670000076,4.130000114,4.46999979,5.400000095,5.400000095,4.857999802,4.300000191,5.079999924,4.460000038,4.909999847,2.599999905,2.859999895,2.538000107,2.220000029,2.049999952,2.390000105,2.00999999,3.069999933,3.118000031,3.111000061
Brazil,10.1079998,6.420000076,6.03000021,10.50599957,5.949999809,6.769999981,7.679999828,8.899999619,9.609999657,13.92300034,9.350000381,9.109999657,9.729999542,8.890000343,9.31000042,8.390000343,8.090000153,9.461000443,8.279999733,8.361000061,6.690000057,7.190000057,6.989999771,6.670000076,8.43999958,11.60999966,12.88199997
Barbados,22.96100044,22.94000053,24.54000092,22.97999954,19.65999985,14.71000004,14.60999966,12.39999962,10.60999966,9.350000381,9.850000381,10.31999969,11,9.75,9.06000042,8.720000267,7.449999809,8.069999695,10.02000046,10.68999958,11.14000034,11.57999992,11.55000019,12.17000008,11.35000038,9.720000267,9.687000275
Brunei Darussalam,4.699999809,4.861000061,4.907000065,5.032999992,5.125,5.238999844,5.302999973,5.428999901,5.561999798,5.606999874,5.71600008,5.789999962,5.836999893,5.855999947,5.890999794,5.992000103,5.967000008,5.985000134,6.043000221,6.164000034,6.111999989,5.993999958,5.881000042,6.96999979,6.835999966,6.934999943,7.080999851
Bhutan,1.411999941,1.444000006,1.432000041,1.432000041,1.381000042,1.383999944,1.396999955,1.399999976,1.399999976,1.718999982,1.899999976,1.871999979,1.799999952,2.49000001,3.099999905,3.130000114,3.700000048,3.779999971,3.960000038,3.319999933,3.230000019,2.049999952,2.869999886,2.630000114,2.450000048,2.441999912,2.434999943
Botswana,13.81999969,16.45700073,18.32600021,21.20000076,21.2859993,21.57999992,20.95700073,20.86000061,18.41900063,15.88000011,18.54000092,21.79599953,23.79999924,22.26399994,20.70199966,17.79999924,17.38899994,16.96500015,16.17000008,17.86000061,17.75200081,17.71100044,17.66300011,17.58099937,17.49399948,17.91500092,18.10099983
Central African Republic,6.175000191,6.176000118,6.181000233,6.197999954,6.179999828,6.169000149,6.204999924,6.203000069,6.203999996,6.190999985,6.210000038,6.221000195,6.21600008,6.238999844,6.241000175,6.252999783,6.257999897,6.257999897,6.261000156,6.265999794,6.277999878,6.297999859,6.287000179,6.342999935,6.393000126,6.159999847,5.952000141
Canada,10.31999969,11.19999981,11.38000011,10.39999962,9.489999771,9.619999886,9.100000381,8.279999733,7.579999924,6.829999924,7.21999979,7.659999847,7.570000172,7.190000057,6.760000229,6.320000172,6.039999962,6.139999866,8.340000153,8.06000042,7.510000229,7.289999962,7.070000172,6.909999847,6.909999847,7,6.428999901
Central Europe and the Baltics,11.15084196,11.43239346,11.98897764,11.99712743,11.11554652,10.16993365,9.164830487,8.952500301,10.3869258,12.43335463,13.23118916,13.74487421,12.96039957,12.93669193,12.05817027,10.10695033,7.8106003,6.608283507,8.490482674,9.903080551,9.789699695,9.977865848,10.04822422,8.951662183,7.815596525,6.486807683,5.415267042
Switzerland,1.779999971,2.809999943,3.720000029,3.880000114,3.329999924,3.710000038,4.199999809,3.599999905,3.150000095,2.670000076,2.49000001,2.920000076,4.119999886,4.320000172,4.440000057,4,3.650000095,3.349999905,4.119999886,4.809999943,4.409999847,4.480000019,4.75,4.829999924,4.800000191,4.920000076,4.787000179
Channel Islands,11.27799988,10.59200001,9.633000374,8.998000145,9.498999596,9.449999809,9.147999763,9.081000328,8.996999741,8.836999893,9.288000107,9.407999992,8.954999924,9.434000015,9.312000275,9.484999657,9.484999657,10.67300034,11.11999989,9.671999931,9.88599968,9.911000252,9.663999557,9.248999596,9.56000042,9.378000259,9.355999947
Chile,5.230000019,4.349999905,4.489999771,5.869999886,4.699999809,6.329999924,6.119999886,6.340000153,9.81000042,9.159999847,9.130000114,8.93999958,8.5,8.81000042,8,7.690000057,7.139999866,7.800000191,9.68999958,8.420000076,7.340000153,6.659999847,6.210000038,6.659999847,6.510000229,6.739999771,6.993000031
China,4.889999866,4.389999866,4.329999924,4.340000153,4.550000191,4.590000153,4.599999905,4.730000019,4.699999809,4.53000021,4.53000021,4.409999847,4.300000191,4.300000191,4.139999866,4,3.75999999,4.360000134,4.288000107,4.199999809,4.340000153,4.46999979,4.539999962,4.592999935,4.605000019,4.649000168,4.675000191
Cote d'Ivoire,6.695000172,6.699999809,6.044000149,5.386000156,4.099999905,4.105999947,4.110000134,4.099999905,4.013000011,3.924999952,3.838000059,3.75,3.664000034,3.578999996,3.494999886,3.410000086,3.325999975,3.242000103,3.15899992,3.075999975,2.990999937,2.914000034,2.83100009,2.747999907,2.664999962,2.599999905,2.599999905
Cameroon,7.97300005,7.991000175,8.001999855,8.012999535,8.038999557,8.06000042,7.936999798,7.806000233,7.668000221,7.531000137,7.460000038,6.605999947,5.751999855,4.894000053,4.400000095,3.559999943,2.900000095,3.223999977,3.545000076,4.110000134,4.367000103,4.616000175,4.859000206,4.320000172,4.295000076,4.268000126,4.254000187
"Congo, Dem. Rep.",3.632999897,3.63499999,3.634000063,3.637000084,3.651000023,3.647000074,3.64199996,3.645999908,3.644999981,3.641000032,3.65199995,3.664999962,3.674000025,3.678999901,3.680000067,3.686000109,3.690000057,3.693000078,3.694999933,3.697000027,3.700999975,3.704999924,3.707000017,3.707999945,3.707000017,3.691999912,3.694000006
"Congo, Rep.",20.52300072,20.48900032,20.41500092,20.34000015,20.31399918,20.28300095,20.20899963,20.18300056,20.08300018,20.05900002,20.01099968,19.96800041,19.88599968,19.83600044,19.79999924,18.82099915,17.81399918,16.87899971,16.10000038,14.5539999,13.06400013,10,10.00399971,9.998000145,10.02499962,10.42099953,10.94699955
Colombia,10.11999989,9.43999958,7.800000191,8.25,8.720000267,11.81000042,12.14000034,15,20.05999947,20.52000046,15.03999996,15.63000011,14.18999958,13.72000027,11.86999989,12.69999981,11.19999981,11.27000046,12.06999969,10.88000011,10.18999958,9.81000042,9.18999958,8.529999733,8.239999771,8.350000381,8.960000038
Comoros,4.755000114,4.750999928,4.744999886,4.731999874,4.717999935,4.705999851,4.690999985,4.676000118,4.657999992,4.642000198,4.625999928,4.607999802,4.590000153,4.570000172,4.535999775,4.526000023,4.506999969,4.485000134,4.460999966,4.43900013,4.420000076,4.399000168,4.377999783,4.361999989,4.34499979,4.347000122,4.34100008
Cabo Verde,11.83399963,11.77900028,11.73099995,11.67700005,11.63199997,11.58699989,11.56000042,11.54100037,11.52999973,11.51399994,11.47200012,11.42800045,11.38099957,11.31400013,11.23900032,11.13700008,11.02700043,10.90799999,10.78299999,10.67000008,10.57699966,10.50699997,10.42500019,10.34799957,10.27499962,10.32499981,10.33899975
Costa Rica,5.369999886,3.930000067,3.950000048,4.039999962,5.179999828,6.159999847,5.679999828,5.329999924,5.889999866,5.079999924,5.909999847,6.329999924,6.559999943,6.389999866,6.570000172,5.739999771,4.489999771,4.78000021,7.710000038,8.920000076,10.18000031,9.899999619,8.960000038,9.119999886,9.260000229,8.979999542,8.532999992
Caribbean small states,16.23462382,16.14459952,16.58542048,15.70801065,15.37062092,14.92914305,14.79502727,14.31049805,13.96202856,13.523484,12.64448482,12.60670835,11.62848151,10.79255774,10.46736807,9.077421405,8.611230712,8.999697232,10.21117093,10.91691191,10.80456994,11.4756156,11.79427589,11.15237417,10.93848249,10.86900738,10.60513326
Cuba,9.694000244,9.618000031,9.586999893,8.612999916,8.300000191,7.599999905,7.099999905,6.199999809,6.300000191,5.400000095,4.099999905,3.299999952,2.299999952,1.850000024,1.899999976,1.899999976,1.789999962,1.580000043,1.669999957,2.5,3.180000067,3.460000038,3.289999962,2.700000048,2.400000095,2.427000046,2.553999901
Cyprus,2.792999983,2.089999914,3.428999901,3.239000082,3.584000111,5.22300005,5.493999958,5.504000187,5.699999809,4.980000019,3.970000029,3.309999943,4.130000114,4.320000172,5.309999943,4.539999962,3.910000086,3.650000095,5.360000134,6.260000229,7.869999886,11.78999996,15.88000011,16.07999992,14.92000008,12.94999981,10.76799965
Czech Republic,2.269999981,3.302000046,4.320000172,4.300000191,4.019999981,3.890000105,4.269999981,5.900000095,8.489999771,8.760000229,7.989999771,7.019999981,7.539999962,8.210000038,7.929999828,7.150000095,5.320000172,4.389999866,6.659999847,7.28000021,6.710000038,6.980000019,6.949999809,6.110000134,5.050000191,3.950000048,3.062999964
Germany,5.320000172,6.320000172,7.679999828,8.729999542,8.159999847,8.819999695,9.859999657,9.789999962,8.859999657,7.920000076,7.769999981,8.479999542,9.779999733,10.72999954,11.17000008,10.25,8.659999847,7.519999981,7.739999771,6.96999979,5.820000172,5.380000114,5.230000019,4.980000019,4.619999886,4.119999886,3.736000061
Djibouti,6.921000004,6.901000023,6.852000237,6.816999912,6.785999775,6.750999928,6.729000092,6.712999821,6.68900013,6.637000084,6.600999832,6.551000118,6.489999771,6.43200016,6.387000084,6.352000237,6.322000027,6.294000149,6.25,6.203000069,6.145999908,6.072000027,5.999000072,5.928999901,5.863999844,5.836999893,5.809999943
Denmark,9.100000381,9.029999733,10.72000027,8.039999962,6.989999771,6.840000153,5.400000095,5.039999962,5.139999866,4.480000019,4.159999847,4.269999981,5.400000095,5.199999809,4.829999924,3.900000095,3.799999952,3.430000067,6.010000229,7.460000038,7.570000172,7.53000021,7,6.590000153,6.170000076,6.179999828,5.849999905
Dominican Republic,7.572999954,6.744999886,6.900000095,7.288000107,6.973999977,6.920000076,6.65500021,6.809999943,6.856999874,6.951000214,7.120999813,6.921999931,7.311999798,7.044000149,6.480000019,5.559999943,5.070000172,4.670000076,5.340000153,5.019999981,5.820000172,6.519999981,7.070000172,6.400000095,5.920000076,5.489999771,5.486000061
Algeria,20.60000038,23,23.20000076,24.39999962,27.89999962,27.98399925,25.43000031,25.82299995,25.63800049,29.77000046,27.29999924,25.89999962,23.71999931,17.64999962,15.27000046,12.27000046,13.78999996,11.32999992,10.15999985,9.960000038,9.960000038,10.97000027,9.819999695,10.60000038,11.19999981,10.19999981,10.01900005
East Asia & Pacific (excluding high income),4.394251,3.983702563,3.957926029,3.978129042,4.15974067,4.159622543,4.270267078,4.516642082,4.553443186,4.372334668,4.376486413,4.278894737,4.175980466,4.219363567,4.20918891,4.101000714,3.964417249,4.302226584,4.165216189,4.006460339,4.020546636,4.016103422,4.057392352,4.058358833,4.111137177,4.104220289,4.141476165
Early-demographic dividend,4.969401808,4.932445969,4.950767597,4.942965208,5.284127805,5.392118325,5.561286054,5.678285513,5.883977196,6.002347665,6.178211503,6.404374796,6.292179831,6.1107785,6.135326721,5.747852388,5.576151228,5.528033483,5.541687581,5.136726733,5.018592234,5.026059252,4.984753215,4.893402026,5.045627007,5.102672694,5.162863078
East Asia & Pacific,4.219758954,3.87420243,3.881937368,3.906123381,4.069160028,4.089091397,4.198324551,4.557167884,4.615382629,4.405367246,4.436430463,4.364866152,4.266473241,4.260927434,4.226092383,4.09807573,3.947479389,4.257070366,4.243013576,4.086997656,4.052258723,4.033439616,4.053827572,4.040251142,4.072019254,4.054627514,4.071628904
Europe & Central Asia (excluding high income),6.908875889,6.667866218,6.99577282,8.182735833,8.847979847,9.309609485,10.23647955,11.15640666,11.51324812,10.16499928,9.56839073,9.290750171,9.176140897,8.973928519,8.45592571,8.089728541,7.402692341,7.415167796,9.108059301,8.505056191,7.925470216,7.354899009,7.384125587,7.549766025,7.65063397,7.559269197,7.377702068
Europe & Central Asia,7.82000527,8.074218035,8.963134228,9.833488763,9.852458763,10.06841379,10.34308654,10.46706648,10.43462837,9.551589025,8.870089342,8.919710528,8.992818321,8.996339934,8.6458458,8.054916524,7.186853768,7.121435942,8.947701078,9.016257862,8.774591711,8.977729469,9.200906868,8.945633045,8.545744759,8.070948024,7.552179244
Ecuador,5.809999943,8.899999619,8.329999924,7.130000114,6.849999905,10.38000011,9.170000076,11.48999977,14.42000008,8.979999542,10.71000004,9.069999695,11.43999958,8.550000191,7.739999771,7.690000057,6.070000172,7.309999943,6.46999979,4.090000153,3.460000038,3.230000019,3.079999924,3.480000019,3.619999886,4.599999905,4.848999977
"Egypt, Arab Rep.",9.600000381,9,10.89999962,11,11.30000019,9,8.369999886,8.029999733,7.949999809,8.979999542,9.260000229,10.01000023,11.01000023,10.30000019,11.19999981,10.48999977,8.800000191,8.520000458,9.090000153,11.85000038,11.85000038,12.60000038,13.14999962,13.10000038,13.05000019,12.40999985,12.07900047
Euro area,8.648358541,9.21607504,10.75483691,11.82319923,11.4449619,11.67016781,11.66534874,11.20355098,10.44620949,9.430337595,8.351035906,8.616443163,8.960860953,9.247761331,8.955097854,8.249895942,7.37615699,7.423571889,9.471942442,10.03211668,10.10393257,11.28242545,11.91982488,11.59475324,10.82823796,10.0103337,9.1562316
Eritrea,6.699999809,6.697999954,6.761000156,6.802999973,6.875,6.885000229,6.953999996,6.992000103,7.008999825,7.032000065,7.027999878,7.081999779,7.048999786,7.001999855,6.975999832,6.938000202,6.907999992,6.843999863,6.828000069,6.78000021,6.745999813,6.68599987,6.623000145,6.585999966,6.556000233,6.452000141,6.362999916
Spain,15.93000031,17.70000076,22.15999985,24.20999908,22.67000008,22.13999939,20.70000076,18.67000008,15.47999954,13.78999996,10.35000038,11.14999962,11.27999973,11.09000015,9.149999619,8.449999809,8.229999542,11.25,17.86000061,19.86000061,21.38999939,24.79000092,26.09000015,24.44000053,22.05999947,19.62999916,17.35099983
Estonia,1.470000029,3.680000067,6.539999962,7.559999943,9.659999847,9.920000076,10.36999989,9.510000229,11.56999969,13.35999966,13.13000011,10.02999973,11.28999996,10.25,8.029999733,5.909999847,4.590000153,5.449999809,13.55000019,16.70999908,12.32999992,10.02000046,8.630000114,7.349999905,6.190000057,6.760000229,6.756000042
Ethiopia,3.08100009,3.082000017,3.117000103,3.099999905,4.203999996,5.343999863,6.431000233,7.548999786,8.710000038,8.194999695,7.631999969,7.048999786,6.485000134,5.985000134,5.380000114,5.34100008,5.30700016,5.269000053,5.231999874,5.203999996,5.179999828,5.144000053,4.980000019,4.978000164,4.972000122,5.092999935,5.203999996
European Union,8.971483749,9.604693611,10.86670366,11.40832768,10.81900577,10.7201885,10.38874655,9.908405624,9.655147597,9.28052594,8.60984204,8.944424486,9.012695675,9.178139534,8.906509023,8.157567318,7.123975732,6.953104705,8.867001227,9.507187123,9.593328368,10.41131154,10.80998835,10.20028925,9.377051782,8.528608997,7.707149422
Fragile and conflict affected situations,7.438286733,7.397105301,7.550696946,7.411303656,7.178652263,7.759766029,7.908443709,7.717177328,7.591592432,7.393077959,7.887635856,7.854558563,8.028104142,8.179454005,7.988195011,8.031927924,8.003925692,8.038075818,7.641122206,7.654030661,7.466763917,7.46913556,7.550055364,7.609513233,7.664495642,7.699921266,7.729245053
Finland,6.5,11.59000015,16.20000076,16.43000031,17,15.56999969,14.97000027,13.21000004,11.68999958,11.13000011,10.28999996,10.42000008,10.47000027,10.35999966,8.380000114,7.71999979,6.849999905,6.369999886,8.25,8.390000343,7.78000021,7.690000057,8.18999958,8.659999847,9.380000114,8.819999695,8.68200016
Fiji,5.929999828,5.349999905,5.880000114,5.699999809,5.400000095,5.78000021,6.144000053,6.639999866,7.197999954,7.522999763,7.951000214,8.329999924,8.220000267,4.699999809,4.619999886,6.631000042,8.569999695,8.93999958,8.720000267,8.909999847,9.020000458,9,7.578999996,6.170000076,6.098999977,6.237999916,6.304999828
France,9.130000114,10.21000004,11.31999969,12.59000015,11.84000015,12.36999989,12.56999969,12.06999969,11.97999954,10.22000027,8.609999657,8.699999809,8.31000042,8.909999847,8.489999771,8.449999809,7.659999847,7.059999943,8.739999771,8.869999886,8.81000042,9.399999619,9.920000076,10.30000019,10.35999966,10.06000042,9.680999756
Gabon,17.65099907,17.74799919,17.78000069,17.73999977,17.6779995,17.61599922,17.53100014,17.44300079,17.34000015,17.21699905,17.1060009,16.98699951,16.85499954,16.71800041,16.90999985,17.63599968,18.36899948,19.08300018,19.79800034,20.38999939,20.33600044,20.30400085,20.24900055,20.20700073,20.15999985,19.81900024,19.62700081
United Kingdom,8.550000191,9.779999733,10.35000038,9.649999619,8.68999958,8.18999958,7.070000172,6.199999809,6.039999962,5.559999943,4.699999809,5.039999962,4.809999943,4.590000153,4.75,5.349999905,5.260000229,5.619999886,7.539999962,7.789999962,8.039999962,7.889999866,7.53000021,6.110000134,5.300000191,4.809999943,4.322000027
Georgia,9.743000031,9.022999763,9.208000183,9.840000153,12.22700024,14.2130003,14.44499969,14.55000019,13.80000019,10.81999969,11.15999985,12.59000015,11.51000023,12.61999989,13.81000042,13.57999992,13.27999973,16.46999931,16.84000015,16.29999924,15.06000042,15.03999996,14.56000042,12.35000038,11.96000004,11.76000023,11.54699993
Ghana,4.717999935,4.699999809,5.311999798,5.918000221,6.520999908,7.125999928,7.725999832,8.199999809,10.10000038,10.35999966,9.230999947,8.102000237,6.973999977,5.846000195,4.717000008,3.599999905,4.044000149,4.497000217,4.93200016,5.320000172,4.472000122,3.628999949,2.170000076,2.164000034,2.154000044,2.25999999,2.355000019
Guinea,4.514999866,4.520999908,4.526000023,4.53000021,4.528999805,4.535999775,4.540999889,4.545000076,4.545000076,4.546000004,4.548999786,4.550000191,4.565000057,4.563000202,4.559000015,4.561999798,4.544000149,4.551000118,4.561999798,4.545000076,4.537000179,4.532000065,4.534999847,4.531000137,4.52699995,4.510000229,4.485000134
"Gambia, The",9.102000237,9.163000107,9.161000252,9.159999847,9.192000389,9.225999832,9.263999939,9.32199955,9.359000206,9.383999825,9.392000198,9.376000404,9.401000023,9.402999878,9.380999565,9.385000229,9.392000198,9.399999619,9.406000137,9.411999702,9.392999649,9.420000076,9.421999931,9.427000046,9.420000076,9.43200016,9.449999809
Guinea-Bissau,6.388999939,6.400000095,6.418000221,6.434999943,6.445000172,6.473999977,6.500999928,6.486000061,6.535999775,6.520999908,6.514999866,6.493000031,6.482999802,6.471000195,6.453000069,6.429999828,6.40899992,6.382999897,6.354000092,6.328000069,6.315000057,6.267000198,6.25,6.217000008,6.196000099,6.144999981,6.099999905
Equatorial Guinea,5.739999771,5.752999783,5.72300005,5.708000183,5.696000099,5.738999844,5.787000179,5.771999836,5.77699995,5.790999889,5.81799984,5.796999931,5.788000107,5.794000149,5.749000072,5.732999802,5.712999821,5.684000015,5.636000156,5.580999851,5.570000172,5.551000118,5.522999763,5.494999886,5.459000111,6.193999767,6.914000034
Greece,7.659999847,7.840000153,8.609999657,8.859999657,9.06000042,9.659999847,9.579999924,10.84000015,11.85000038,11.25,10.46000004,9.970000267,9.409999847,10.31000042,9.989999771,9.010000229,8.399999619,7.760000229,9.619999886,12.71000004,17.86000061,24.44000053,27.46999931,26.48999977,24.89999962,23.54000092,21.40600014
Guatemala,3.200000048,2.963000059,2.859999895,2.694999933,2.502000093,2.387000084,2.177000046,1.988999963,1.899999976,1.419999957,1.299999952,3.130000114,3.400000095,3.130000114,2.463999987,1.820000052,2.5,2.802999973,3.099999905,3.74000001,4.130000114,2.869999886,3.319999933,2.910000086,2.700000048,2.829999924,2.734999895
Guam,3.519999981,3.839999914,5.519999981,7.599999905,7.900000095,8.279999733,9.670000076,7.739999771,13.94999981,15.31999969,13,11.39000034,9.336999893,7.699999809,7,7.400000095,8.300000191,8.88599968,9.300000191,8.199999809,13.30000019,12.19999981,11.5,7.599999905,6.900000095,5.400000095,5.410999775
Guyana,12.52999973,11.89999962,11.58899975,11.33600044,12.13399982,11.18700027,11.50899982,13.65999985,12.03600025,13.13000011,11.88099957,11.81000042,11.99300003,11.06999969,11.81299973,10.69999981,10.2840004,11.51399994,11.15400028,10.88099957,10.75399971,11.07600021,11.15799999,11.64900017,11.90600014,11.8579998,11.79199982
High income,6.870166332,7.400793408,7.866372,7.85355871,7.409485569,7.403272768,7.1505823,7.071338287,6.923951783,6.517940594,6.495053163,6.99607484,7.142053927,6.966126979,6.664218854,6.117083516,5.595599579,5.870884557,7.979244884,8.261276503,7.94202797,7.973082443,7.874310357,7.260081417,6.635946931,6.186944338,5.694676374
"Hong Kong SAR, China",1.799999952,1.960000038,1.960000038,1.899999976,3.220000029,2.829999924,2.220000029,4.579999924,6.25,4.920000076,5.090000153,7.28000021,7.860000134,6.739999771,5.579999924,4.769999981,4.010000229,3.559999943,5.260000229,4.309999943,3.420000076,3.289999962,3.380000114,3.279999971,3.299999952,3.352999926,3.173000097
Honduras,4.579999924,3.099999905,3.118000031,3.125,3.24000001,4.369999886,3.319999933,4.019999981,3.619999886,3.628000021,3.809999943,3.829999924,5.099999905,5.989999771,4,3.109999895,2.920000076,2.99000001,3.279999971,4.099999905,4.269999981,3.75,4.099999905,5.489999771,4.590000153,4.670000076,4.461999893
Heavily indebted poor countries (HIPC),6.274689155,6.140119092,6.286882053,6.234624364,6.288343374,6.56637701,6.632029349,6.804962155,7.080853901,7.061747295,6.995238144,6.633854486,6.477344731,6.361573209,6.114200881,6.072822741,6.031236604,5.971784293,5.92649258,6.036576275,5.840183987,5.600469601,5.429320339,5.390238616,5.434586884,5.460123289,5.482052497
Croatia,11.14000034,11.00599957,10.98900032,11.55599976,10.93299961,9.949999809,9.909999847,11.39000034,13.56000042,16.05999947,15.81999969,15.05000019,13.92000008,13.65999985,12.60000038,11.13000011,9.909999847,8.529999733,9.199999809,11.61999989,13.68000031,15.93000031,17.25,17.29000092,16.18000031,13.10000038,10.77999973
Haiti,7.644999981,7.886000156,7.914000034,7.978000164,6.953000069,7.159999847,7.243999958,7.263000011,7.199999809,8.588000298,10.11200047,11.36999989,12.63300037,14.48600006,15.02900028,16.15399933,16.79999924,16.55400085,15.46700001,15.9460001,13.71800041,14.10000038,13.85299969,13.93900013,14.04500008,14.00199986,13.98799992
Hungary,9.770000458,9.93999958,12.10000038,10.85000038,10.17000008,10.02000046,8.989999771,8.930000305,6.929999828,6.559999943,5.670000076,5.610000134,5.789999962,5.829999924,7.190000057,7.489999771,7.409999847,7.820000172,10.02999973,11.17000008,11.02999973,11,10.18000031,7.730000019,6.809999943,5.110000134,4.330999851
IBRD only,5.633596238,5.222495521,5.22660199,5.55022195,5.657700929,5.74829591,5.905346086,6.205180938,6.393861382,6.456637269,6.217594137,6.209521668,6.10053756,5.955207532,5.85724684,5.566024119,5.266241941,5.477178943,5.514509853,5.349860387,5.171365499,5.171075613,5.128333322,5.099603539,5.23070963,5.404972459,5.487356986
IDA & IBRD total,5.601279376,5.2363949,5.227173269,5.496969001,5.60899134,5.730833935,5.895426703,6.150090551,6.310877329,6.369604965,6.201074186,6.178266254,6.097411436,5.957230637,5.853280142,5.561679947,5.299846597,5.476399772,5.532531133,5.281087398,5.136960331,5.135225001,5.12115024,5.079698829,5.218469627,5.417117768,5.486298718
IDA total,5.436725397,5.306562314,5.230028953,5.233699148,5.370919844,5.646449156,5.848104881,5.890414587,5.92379397,5.968859247,6.125909146,6.037550281,6.083502267,5.966146519,5.836005511,5.543106068,5.441290207,5.473175883,5.605706862,5.006385031,5.001873234,4.996995232,5.093925195,5.005521999,5.173755282,5.460670174,5.482578714
IDA blend,6.423030124,6.172809738,5.608451948,5.582407592,5.862392925,6.189490225,6.369512491,6.295076507,6.307772816,6.702037323,6.90555633,6.855162941,6.972543463,6.591180951,6.639121272,5.995707329,5.590928813,5.522716816,5.835781848,4.123799162,4.144747881,4.443442459,4.816824089,4.636269753,5.15838008,6.075756046,6.121139875
Indonesia,2.589999914,2.74000001,3.111999989,3.461999893,3.821000099,4,4.699999809,5.460000038,6.300000191,6.079999924,5.880000114,6.340000153,6.179999828,6.710000038,7.710000038,7.550000191,8.06000042,7.210000038,6.110000134,5.610000134,5.150000095,4.46999979,4.340000153,4.050000191,4.510000229,4.119999886,4.282999992
IDA only,5.011690095,4.934067865,5.068314212,5.084702906,5.163296025,5.416582304,5.626847002,5.719191116,5.761458832,5.658197989,5.796492101,5.69220533,5.706703606,5.700598271,5.493088885,5.348211881,5.376917049,5.451870037,5.506228316,5.382955688,5.36798827,5.234056113,5.212886523,5.163865968,5.180388899,5.193559717,5.206120852
India,3.832000017,3.717000008,3.740999937,3.65199995,3.71600008,3.813999891,4.059999943,4.06400013,4.063000202,4.316999912,4.326000214,4.43200016,4.308000088,4.368999958,4.395999908,4.236999989,4.059999943,4.116000175,3.750999928,3.539999962,3.529000044,3.621000051,3.463999987,3.414000034,3.49000001,3.505000114,3.523000002
Ireland,15.77999973,15.02999973,15.59000015,14.56999969,11.97999954,11.72000027,10.19999981,7.699999809,5.800000191,4.320000172,3.680000067,4.21999979,4.480000019,4.489999771,4.340000153,4.409999847,4.670000076,6.400000095,12.01000023,13.85000038,14.61999989,14.67000008,13.03999996,11.26000023,9.399999619,7.889999866,6.399000168
"Iran, Islamic Rep.",11.10000038,10.33100033,9.869999886,9.302000046,9.039999962,9.100000381,10.23799992,11.6789999,12.93999958,14.63799953,14.6079998,12.80000019,12.13199997,10.30000019,12.10000038,11.25,10.60000038,10.47999954,11.97000027,13.52000046,12.30000019,12.21000004,10.43999958,10.56999969,11.06000042,12.43000031,13.10200024
Iraq,17.56399918,21.09600067,21.81599998,18.62000084,17.7140007,21.56900024,20.37700081,21.1060009,20.31100082,17.9470005,17.65099907,17.43600082,20.8560009,20.57600021,17.96999931,17.5,16.63999939,15.34000015,13.28199959,11.22999954,8,8.244000435,7.901000023,7.559000015,7.721000195,7.959000111,8.170999527
Iceland,2.549999952,4.300000191,5.260000229,5.329999924,5.199999809,3.599999905,3.720000029,3.069999933,2.180000067,1.940000057,1.870000005,2.99000001,4,4.03000021,2.549999952,2.829999924,2.25,2.950000048,7.21999979,7.559999943,7.03000021,6,5.380000114,4.900000095,3.980000019,2.980000019,2.875999928
Israel,13.39000034,14.07999992,12.73999977,9.930000305,8.779999733,8.460000038,9.75,10.75,11.18000031,11.10000038,11.81000042,12.89000034,13.51000023,13.02999973,11.34000015,10.71000004,9.380000114,7.699999809,9.529999733,8.479999542,7.139999866,6.860000134,6.210000038,5.889999866,5.25,4.800000191,4.270999908
Italy,10.10000038,9.329999924,10.23999977,11.09000015,11.67000008,11.86999989,12,12.11999989,11.68999958,10.84000015,9.600000381,9.210000038,8.869999886,7.869999886,7.730000019,6.78000021,6.079999924,6.71999979,7.75,8.359999657,8.359999657,10.64999962,12.14999962,12.68000031,11.89999962,11.68999958,11.33500004
Jamaica,15.73999977,15.39999962,16.31999969,15.34000015,16.22999954,16.01000023,16.35000038,15.5,15.73999977,15.51000023,14.93000031,14.34000015,11.73999977,11.43999958,10.88000011,9.569999695,9.260000229,10.32999992,11.35999966,12.36999989,12.69999981,13.93000031,15.25,13.73999977,13.51000023,13.18999958,12.44799995
Jordan,19.86700058,20.27899933,19.70000076,18.17900085,14.60000038,13.69999981,13.63799953,13.50399971,13.42500019,13.69999981,14.69999981,15.30000019,14.5,14.54599953,14.80000019,14,13.10000038,12.69999981,12.89999962,12.5,12.89999962,12.19999981,12.60000038,11.89999962,13.07499981,15.27499962,14.92199993
Japan,2.089999914,2.160000086,2.50999999,2.890000105,3.150000095,3.349999905,3.390000105,4.110000134,4.679999828,4.730000019,5.039999962,5.369999886,5.25,4.710000038,4.420000076,4.130000114,3.849999905,3.980000019,5.079999924,5.070000172,4.550000191,4.349999905,4.03000021,3.579999924,3.329999924,3.130000114,2.83100009
Kazakhstan,1.136000037,1.128000021,1.110000014,7.539999962,10.97999954,12.96000004,13,13.10000038,13.46000004,12.75,10.43000031,9.329999924,8.779999733,8.399999619,8.130000114,7.789999962,7.260000229,6.630000114,6.550000191,5.769999981,5.389999866,5.289999962,5.199999809,5.059999943,4.929999828,4.960000038,4.860000134
Kenya,10.23900032,10.20199966,10.16300011,10.13000011,10.09399986,10.06999969,10.02999973,10.02900028,10,10.11299992,10.24400043,10.31999969,10.41300011,10.48099995,10.52499962,10.67199993,10.82699966,10.93099976,12.17000008,12.0880003,11.98799992,11.87699986,11.76500034,11.66699982,11.5880003,11.52000046,11.47000027
Kyrgyz Republic,5.486999989,5.096000195,5.137000084,5.245999813,5.513999939,7.244999886,7.399000168,7.473999977,7.605000019,7.5,7.800000191,12.55000019,9.920000076,8.529999733,8.109999657,8.270000458,8.149999619,8.220000267,8.409999847,8.640000343,8.529999733,8.430000305,8.329999924,8.050000191,7.559999943,7.210000038,7.28399992
Cambodia,0.874000013,0.847000003,0.833000004,0.855000019,0.846000016,0.839999974,2.993000031,5.260000229,3.809999943,2.470000029,1.820000052,2.00999999,2.082000017,2.34800005,1.998999953,1.641000032,0.870000005,0.439999998,0.189999998,0.349999994,0.200000003,0.159999996,0.300000012,0.180000007,0.179000005,0.197999999,0.216000006
"Korea, Rep.",2.410000086,2.50999999,2.880000114,2.480000019,2.059999943,2.049999952,2.609999895,6.960000038,6.340000153,4.420000076,4,3.279999971,3.559999943,3.670000076,3.730000019,3.450000048,3.230000019,3.160000086,3.640000105,3.720000029,3.410000086,3.220000029,3.119999886,3.529999971,3.630000114,3.710000038,3.755000114
Kuwait,0.671000004,0.834999979,0.800000012,0.699999988,2.130000114,0.699999988,0.699999988,0.699999988,0.699999988,0.800000012,0.800000012,1.100000024,1.299999952,1.700000048,1.950000048,1.299999952,1.5,1.75,1.639999986,1.820000052,3.599999905,2.671999931,2.545000076,2.900000095,2.200000048,2.107000113,2.079999924
Latin America & Caribbean (excluding high income),7.694067924,6.293789647,6.271405038,8.247671821,7.717912064,8.008110156,7.781830328,8.220187714,9.080464333,10.63729583,8.78107464,9.129879114,8.986824529,8.320405554,7.952594192,7.371528414,6.863822175,7.338085258,7.407306349,7.180692734,6.402358535,6.434018289,6.297942271,6.069057709,6.548969184,7.798466462,8.258230577
Lao PDR,2.608999968,2.628000021,2.609999895,2.622999907,2.599999905,2.438999891,2.282999992,2.109999895,1.962000012,1.832000017,1.671000004,1.537999988,1.39199996,1.256999969,1.350000024,1.210999966,1.059999943,0.912999988,0.763999999,0.709999979,0.700999975,0.68900001,0.67900002,0.663999975,0.649999976,0.661000013,0.671000004
Lebanon,9.086999893,8.593999863,8.675000191,8.675000191,8.555999756,8.399000168,8.619999886,8.211000443,7.899000168,7.835999966,7.776000023,7.622000217,7.445000172,7.849999905,8.137000084,8.407999992,8.979999542,7.572000027,6.349999905,6.263999939,6.085000038,6.169000149,6.191999912,6.18599987,6.149000168,6.228000164,6.290999889
Liberia,5.642000198,5.678999901,5.699999809,5.709000111,5.688000202,5.65199995,5.561999798,5.573999882,5.580999851,5.552000046,5.592000008,5.590000153,5.664999962,5.617000103,5.613999844,5.609000206,5.599999905,4.760000229,3.91899991,2.269999981,2.263999939,2.259000063,2.255000114,2.273000002,2.272000074,2.338000059,2.388999939
Libya,20.17399979,19.41900063,19.36100006,19.82600021,18.65699959,19.88100052,19.62800026,19.61499977,19.62299919,19.80699921,19.31399918,19.29100037,20.32999992,19.5170002,19.99300003,19.43099976,19.29500008,18.87100029,18.28300095,18.61599922,15.79300022,19.03000069,18.74099922,18.48800087,18.35700035,18.42300034,17.68400002
St. Lucia,17.80999947,16.68499947,17.32600021,17.01000023,16.29999924,16.31999969,20.46999931,21.60000038,18.09000015,16.48999977,13.07999992,20.38999939,22.18000031,20.96999931,18.70000076,16,14,12.72000027,15.36999989,20.63999939,18.86000061,19.05999947,22.20999908,22.65500069,24.09000015,21.26000023,20.9829998
Latin America & Caribbean,7.733841035,6.384063693,6.361482649,8.268111201,7.726038261,8.056347948,7.826968219,8.230462716,9.143981246,10.61237478,8.853341219,9.197556236,9.044815564,8.377831503,8.001635237,7.417870445,6.904678664,7.368242738,7.507352609,7.263970087,6.47783766,6.4816374,6.334604261,6.124159641,6.574285247,7.780301132,8.230124882
Least developed countries: UN classification,5.331643171,5.268862808,5.402173581,5.412258781,5.504308657,5.63079106,5.793700573,5.964473866,6.014195607,6.005666531,6.016583226,5.890014351,6.0093532,6.047907644,5.851538095,5.715185337,5.676826604,5.628151569,5.639151086,5.415757159,5.268648427,5.182101148,5.229577324,5.181950108,5.221344174,5.247931976,5.276203273
Low income,5.535277695,5.452865796,5.498052541,5.44619145,5.582891476,5.653313724,5.808773491,5.928366393,6.019468415,5.981771208,5.937939486,5.661562139,5.620333028,5.622646309,5.496639267,5.59201776,5.590289991,5.584451946,5.462855236,5.530561761,5.47984801,5.363352387,5.292115574,5.245644278,5.288907926,5.310931695,5.315488514
Sri Lanka,14.65999985,14.22000027,13.81999969,13.02999973,12.27000046,11.35000038,10.60000038,9.170000076,8.880000114,7.739999771,7.900000095,8.760000229,8.220000267,8.380000114,7.670000076,6.5,5.96999979,5.21999979,5.849999905,4.940000057,4.110000134,3.880000114,4.440000057,4.400000095,4.670000076,4.369999886,4.078999996
Lower middle income,4.743819873,4.622610173,4.661710474,4.678411452,4.833468825,4.923090282,5.198492538,5.310781392,5.340371475,5.458494597,5.519609614,5.591668639,5.544406867,5.531554913,5.593311695,5.302622585,5.162366543,5.093223652,4.986141579,4.559489402,4.463101247,4.440091338,4.44267698,4.385382433,4.535344352,4.627290998,4.660168012
Low & middle income,5.55671617,5.192050643,5.174561412,5.432590786,5.561597197,5.670292521,5.847137255,6.107668103,6.239094393,6.267899337,6.082223396,6.050794087,5.97425424,5.839888028,5.747506379,5.48761086,5.256672915,5.450415208,5.494220547,5.23650546,5.096912098,5.09561913,5.082131169,5.049013679,5.19797979,5.406882943,5.484196479
Lesotho,36.43600082,33.19300079,38.52700043,36.97600174,41.55699921,35.88100052,39.29999924,44.1570015,27.27000046,22.95599937,28.35199928,34.64099884,30.37000084,38.04000092,37.22499847,34.95399857,34.85200119,35.45999908,34.38399887,25.85700035,28.19000053,23.15699959,24.57999992,24.75699997,26.97500038,27.78199959,27.24500084
Late-demographic dividend,5.792339518,5.129060455,5.096404791,5.632694972,5.598837036,5.650414568,5.81317215,6.171792002,6.318489518,6.338943183,5.850064477,5.687138996,5.619910022,5.50334375,5.32105979,5.069288655,4.701257253,5.160632332,5.28792379,5.145929897,5.007352048,5.03296224,5.047154228,4.981062411,5.132741554,5.396925079,5.481113138
Lithuania,17.58699989,17.22699928,17.46299934,17.32999992,17.54000092,16.39999962,14.13000011,13.71000004,13.39000034,15.93000031,16.84000015,13.01000023,12.86999989,10.68000031,8.319999695,5.78000021,4.25,5.829999924,13.78999996,17.80999947,15.39000034,13.35999966,11.77000046,10.69999981,9.119999886,7.860000134,7.092999935
Luxembourg,1.480000019,2.029999971,2.329999924,3.480000019,2.920000076,3.289999962,2.529999971,2.75999999,2.390000105,2.349999905,1.799999952,2.619999886,3.680000067,5.110000134,4.489999771,4.730000019,4.070000172,5.059999943,5.119999886,4.360000134,4.900000095,5.139999866,5.849999905,5.849999905,6.670000076,6.289999962,5.69299984
Latvia,20.02099991,19.67399979,20.23900032,21.22200012,20.18700027,20.93000031,14.89999962,14.46000004,13.78999996,14.21000004,13.81999969,13.82999992,12.06000042,11.71000004,10.02999973,7.03000021,6.050000191,7.739999771,17.51000023,19.47999954,16.20999908,15.05000019,11.86999989,10.85000038,9.869999886,9.640000343,9.072999954
"Macao SAR, China",3.00999999,2.299999952,2.099999905,2.5,3.599999905,4.300000191,3.089999914,4.460000038,6.309999943,6.869999886,6.389999866,6.28000021,6.130000114,4.889999866,4.159999847,3.74000001,3.029999971,3.029999971,3.579999924,2.839999914,2.559999943,1.970000029,1.820000052,1.700000048,1.809999943,1.906999946,1.976999998
Morocco,17.29999924,16,15.89999962,19.44400024,22.89999962,18.10000038,16.89999962,19.12000084,13.93999958,13.57999992,12.46000004,11.59000015,11.92000008,10.82999992,11.01000023,9.670000076,9.56000042,9.569999695,9.100000381,9.06000042,8.909999847,8.989999771,9.229999542,9.699999809,9.659999847,9.399999619,9.331999779
Moldova,8.468999863,8.184000015,8.265000343,7.394999981,8.44699955,10.86100006,10.93999958,11.02200031,11.13000011,8.470000267,7.28000021,6.800000191,7.949999809,8.170000076,7.289999962,7.380000114,5.070000172,3.980000019,6.400000095,7.449999809,6.679999828,5.579999924,5.099999905,3.859999895,3.690000057,4.179999828,4.453999996
Madagascar,5.80700016,5.81799984,5.820000172,5.811999798,5.81400013,5.815000057,5.815999985,5.813000202,5.809000015,5.800000191,5.349999905,4.93599987,4.519999981,3.434999943,2.299999952,2.607000113,2.915999889,3.227999926,3.525000095,3.839999914,2.246999979,0.600000024,0.893000007,1.18599999,1.799999952,1.796000004,1.797000051
Maldives,0.791999996,0.79400003,0.800999999,0.786000013,0.790000021,1.001000047,1.213000059,1.447000027,1.713999987,1.970000029,2.315999985,2.584000111,2.671000004,3.210999966,3.84100008,3.476000071,3.953999996,4.116000175,4.868000031,4.577000141,4.681000233,5.113999844,4.96600008,5.210000038,5.052999973,5.027999878,4.994999886
Middle East & North Africa,12.4701045,12.60999828,12.87255822,12.9566439,13.3900045,12.87215687,12.69279402,12.98157794,12.47053369,13.0388574,13.30596475,13.04762092,13.07103892,11.84697753,11.91469285,10.9949196,10.41471752,10.03029786,10.04593877,10.8225372,10.57726274,10.74797659,10.29051948,10.28705854,10.33182982,10.44076545,10.46485844
Mexico,3.049999952,3.099999905,3.210000038,4.25,6.889999866,5.25,4.059999943,3.569999933,2.49000001,2.559999943,2.539999962,2.869999886,2.960000038,3.660000086,3.559999943,3.569999933,3.650000095,3.900000095,5.380000114,5.329999924,5.190000057,4.920000076,4.940000057,4.829999924,4.340000153,3.880000114,3.500999928
Middle income,5.558401868,5.171393508,5.148705177,5.431495058,5.559860915,5.671686973,5.850315253,6.122662645,6.25760174,6.292304241,6.094683562,6.084814948,6.0055859,5.859348734,5.7702486,5.477991295,5.225386502,5.437608707,5.497276247,5.207188116,5.057985216,5.067846493,5.05993182,5.02781347,5.187986902,5.41761865,5.503494616
"Macedonia, FYR",35.99700165,35.94800186,36.12400055,36.04499817,35.47399902,36.28099823,36,34.5,32.40000153,32.20000076,30.52000046,31.94000053,36.68999863,37.15999985,37.25,36.02999878,34.93000031,33.75999832,32.18000031,32.02000046,31.37999916,31.02000046,29,28.03000069,26.06999969,23.71999931,22.94799995
Mali,3.073999882,3.078000069,3.085999966,3.092000008,3.094000101,3.099999905,3.099999905,3.900000095,4.702000141,5.493999958,6.303999901,7.089000225,7.889999866,8.75,9.532999992,10.32199955,11.71000004,10.85400009,9.98900032,8.069999695,6.900000095,7.099999905,7.300000191,6.380000114,7.730000019,7.813000202,7.910999775
Malta,6.414000034,6.886000156,7.022999763,7.462999821,6.112999916,7.183000088,6.894999981,7.302999973,7.072999954,6.320000172,7.110000134,6.900000095,7.489999771,7.320000172,6.920000076,6.800000191,6.46999979,5.980000019,6.889999866,6.849999905,6.380000114,6.309999943,6.389999866,5.800000191,5.389999866,4.699999809,4.256000042
Myanmar,0.890999973,0.907000005,0.893999994,0.893999994,0.896000028,0.89200002,0.887000024,0.884000003,0.893999994,0.89200002,0.883000016,0.875999987,0.870000005,0.861000001,0.851000011,0.838999987,0.825999975,0.796999991,0.791999996,0.785000026,0.782000005,0.781000018,0.778999984,0.774999976,0.769999981,0.782999992,0.79400003
Middle East & North Africa (excluding high income),13.18337277,13.21386356,13.66948973,13.93016005,14.66744924,14.09946854,13.86840941,14.20838817,13.50350139,14.16816921,14.46255955,14.08351334,14.08108321,12.66758525,12.83019067,11.81227447,11.27834453,10.9654976,10.95291383,12.02253661,11.77797948,12.10093246,11.60108686,11.65103695,11.8018314,11.94451296,12.0020586
Montenegro,29.52799988,29.0890007,29.15800095,31.60000038,30.2689991,29.79000092,30.34300041,30.24300003,31.52799988,29.7840004,30.48999977,30.48699951,30.48800087,30.35499954,30.30999947,24.41399956,19.39999962,17.14999962,19.09000015,19.68000031,19.70999908,19.72999954,19.5,18,17.52000046,17.71999931,16.0189991
Mongolia,9.612000465,9.671999931,8.600000381,9,5.5,6.699999809,7.699999809,5.900000095,4.699999809,4.599999905,4.599999905,5.80700016,6.800000191,3.599999905,3.299999952,3.200000048,7.199999809,5.559999943,5.860000134,6.550000191,4.769999981,3.900000095,4.230000019,4.800000191,4.860000134,7.239999771,6.959000111
Mozambique,25.05900002,22.72599983,22.65500069,22.44799995,22.20999908,22.40399933,22.39299965,22.24699974,22.06599998,21.87899971,21.85300064,21.6989994,21.56599998,21.63599968,21.70700073,21.77499962,21.82500076,21.9090004,22.0189991,22.16600037,22.34300041,22.54999924,23.26799965,25.29999924,25.29999924,25.15399933,25.04100037
Mauritania,9.840999603,10.84399986,10.83600044,10.81999969,10.81299973,10.78999996,10.75800037,10.72700024,10.6960001,10.65699959,10.61400032,10.56799984,10.51900005,10.47000027,10.42000008,10.3739996,10.33300018,10.2869997,10.24199963,10.18999958,10.14599991,10.10000038,10.0710001,10.04199982,10.02999973,10.1239996,10.18299961
Mauritius,10.05500031,8.18900013,9.204999924,9.873000145,9.590000153,7.853000164,7.257999897,6.619999886,8.760000229,5.403999805,6.800000191,7.199999809,7.699999809,8.489999771,9.619999886,9.140000343,8.529999733,7.21999979,7.489999771,7.690000057,7.909999847,8.149999619,8,7.71999979,7.920000076,7.300000191,7.160999775
Malawi,7.650000095,7.620999813,7.653999805,7.618999958,7.65899992,7.666999817,7.668000221,7.664000034,7.686999798,7.697000027,7.706999779,7.735000134,7.764999866,7.784999847,7.800000191,7.590000153,7.389999866,7.168000221,6.949999809,6.72300005,6.487999916,6.249000072,5.949999809,5.934000015,5.921999931,5.984000206,6.02699995
Malaysia,3.762000084,3.710000038,3,3.003000021,3.140000105,2.519999981,2.450000048,3.200000048,3.430000067,3,3.529999971,3.470000029,3.609999895,3.539999962,3.529999971,3.329999924,3.230000019,3.339999914,3.690000057,3.25,3.089999914,3.019999981,3.109999895,2.869999886,3.099999905,3.440000057,3.414999962
North America,7.190142818,7.875752294,7.37088738,6.530767404,5.986350215,5.817406702,5.351111456,4.883328966,4.554022621,4.272866882,4.98004364,5.972468931,6.154708205,5.703908781,5.255412986,4.797136044,4.769508539,5.8180645,9.153218047,9.461219257,8.794238395,7.98543899,7.346125802,6.250864714,5.458202213,5.102486099,4.655488196
Namibia,19.13999939,19.08099937,18.99900055,19.39999962,19.09900093,18.8409996,19.5,19.48999977,19.47599983,20.29999924,20.51099968,20.74099922,20.97500038,22.09000015,22.23800087,22.38400078,22.5529995,22.73399925,22.92000008,22.10000038,20.77700043,16.77000046,19.03000069,18.52000046,19.59199905,23.35000038,23.33499908
New Caledonia,18.97699928,19.13800049,19.16200066,19.07299995,18.88999939,18.63999939,18.0510006,17.32600021,16.73500061,16.25200081,15.70400047,15.32199955,14.94900036,16.30999947,15.77000046,15.21899986,14.64799976,14.07900047,13.97000027,14.19200039,14.35599995,14.48700047,14.65299988,14.59000015,14.57800007,14.62100029,14.75199986
Niger,4.96999979,4.989999771,5.022999763,5.058000088,5.090000153,4.520999908,3.930000067,3.328999996,2.721999884,2.121000051,1.470000029,1.881000042,2.290999889,2.698999882,3.099999905,2.947999954,2.400000095,1.901000023,1.396999955,0.888999999,0.319999993,0.314999998,0.319999993,0.319000006,0.321999997,0.331999987,0.340999991
Nigeria,5.269000053,5.272999763,4.43599987,4.428999901,4.421000004,4.427000046,4.422999859,4.414999962,4.401000023,4.395999908,4.399000168,4.402999878,4.396999836,4.396999836,4.303999901,4.215000153,4.130000114,4.047999859,3.970999956,3.898999929,3.825999975,3.760999918,3.700000048,4.559999943,4.309999943,7.059999943,7.043000221
Nicaragua,14.44999981,14.39999962,14.91699982,15.4289999,16.61000061,14.93000031,13.19999981,13.30000019,10.92000008,9.81000042,11.30000019,12.19999981,7.71999979,6.539999962,5.559999943,5.309999943,4.889999866,6.199999809,8.159999847,7.829999924,7.184000015,6.540999889,5.28000021,4.519999981,4.475999832,4.446000099,4.421999931
Netherlands,7.28000021,5.559999943,6.289999962,7.159999847,7.159999847,6.420000076,5.510000229,4.389999866,3.619999886,2.730000019,2.119999886,2.549999952,3.589999914,4.650000095,4.71999979,3.900000095,3.180000067,2.75,3.410000086,4.449999809,4.980000019,5.820000172,7.239999771,7.420000076,6.869999886,6.010000229,4.860000134
Norway,5.409999847,5.909999847,5.96999979,5.349999905,6.309999943,5.039999962,4.690000057,3.74000001,3.25,3.460000038,3.74000001,4.019999981,4.21999979,4.260000229,4.380000114,3.400000095,2.49000001,2.549999952,3.099999905,3.519999981,3.210000038,3.119999886,3.420000076,3.480000019,4.300000191,4.679999828,4.190999985
Nepal,4.425000191,4.537000179,4.563000202,4.43200016,4.59499979,4.5,3.789999962,3.085999966,1.850000024,1.761999965,1.705000043,1.703999996,1.597000003,1.524000049,1.478000045,1.424000025,1.368000031,1.340000033,1.743999958,2.119999886,2.532999992,2.89199996,3.299999952,3,3.101999998,3.062000036,2.736000061
New Zealand,10.60999966,10.67000008,9.800000191,8.359999657,6.460000038,6.300000191,6.849999905,7.71999979,7.039999962,6.139999866,5.449999809,5.289999962,4.75,4.010000229,3.809999943,3.849999905,3.599999905,4.019999981,5.820000172,6.139999866,5.96999979,6.409999847,5.760000229,5.380000114,5.369999886,5.110000134,4.881000042
OECD members,6.742267187,7.244910093,7.71425213,7.770361059,7.496258844,7.328025354,7.027939903,6.916139546,6.701776248,6.274754016,6.287565653,6.827618018,6.973751231,6.90049791,6.618356022,6.050463434,5.595841882,5.91747384,8.082711838,8.292560145,7.927442173,7.923343636,7.866302897,7.340506308,6.751196144,6.315036884,5.84208081
Oman,18.48999977,18.23900032,17.69499969,17.12599945,16.82099915,17.27000046,18.10000038,18.64500046,19.11499977,19.83399963,19.7329998,19.43300056,19.3029995,19.25600052,19.14900017,19.43600082,19.35899925,19.28000069,18.81200027,18.24699974,17.88800049,17.87599945,17.14100075,16.4109993,15.83199978,15.82299995,15.9989996
Other small states,12.25977552,12.30491857,13.48367692,13.81943655,14.41090466,13.80405255,14.2163143,14.56530941,12.93732215,12.16106893,12.92813764,13.53102835,13.37468108,13.8601547,13.36482072,12.28303766,11.90284738,11.55544254,11.93463105,11.20025401,11.05168182,10.34503713,10.65572913,10.45580553,10.45733519,10.69739605,10.54273369
Pakistan,5.849999905,5.179999828,4.28000021,4.260000229,5.03000021,5.369999886,5.809999943,5.699999809,5.889999866,7.159999847,7.820000172,7.829999924,8.270000458,7.400000095,7.690000057,6.090000153,5.099999905,4.980000019,5.460000038,0.649999976,0.800000012,1.840999961,2.950000048,1.830000043,3.569999933,3.844000101,4.044000149
Panama,16.12000084,14.67000008,13.26000023,14,14.01000023,14.31999969,13.36999989,13.60000038,11.75,13.52999973,14.71000004,14.10999966,13.61999989,12.43999958,10.32999992,9.109999657,6.78000021,5.849999905,6.559999943,6.519999981,4.480000019,4.050000191,4.099999905,4.820000172,4.53000021,5.489999771,5.561999798
Peru,5.947999954,6.380000114,5.486999989,4.887000084,5.184000015,4.697000027,5.111999989,5.010000229,5.281000137,5.782000065,6.44299984,6.051000118,5.920000076,4.900000095,4.860000134,4.260000229,4.190000057,4.059999943,3.900000095,3.480000019,3.440000057,3.109999895,3.24000001,2.960000038,3,3.529999971,3.674999952
Philippines,3.842000008,3.835000038,3.826999903,3.829999924,3.808000088,3.79399991,3.763999939,3.726000071,3.734999895,3.729000092,3.700000048,3.651000023,3.529999971,3.549999952,3.799999952,4.050000191,3.430000067,3.720000029,3.859999895,3.609999895,3.589999914,3.5,3.5,3.599999905,3.039999962,2.710000038,2.78399992
Papua New Guinea,3.039999962,3.036000013,3.019000053,2.967000008,2.915999889,2.970000029,2.90899992,2.969000101,2.944999933,2.920000076,2.836999893,2.753999949,2.670000076,2.545000076,2.460999966,2.352999926,2.29399991,2.135999918,2.072000027,2,2.619999886,2.631999969,2.621999979,2.654000044,2.638000011,2.64199996,2.661999941
Poland,12.97200012,13.31999969,14,14.43999958,13.34000015,12.35000038,10.96000004,9.93999958,12.28999996,16.30999947,18.37000084,19.88999939,19.37000084,19.06999969,17.75,13.84000015,9.600000381,7.119999886,8.170000076,9.640000343,9.630000114,10.09000015,10.32999992,8.989999771,7.5,6.159999847,4.954999924
Pre-demographic dividend,7.814336643,7.794525807,7.740817889,7.630720222,7.487005754,7.647782873,7.588592925,7.569894856,7.564173505,7.531186455,7.544132825,7.311454473,7.401164251,7.39444486,7.148974183,7.080928459,6.915111138,6.752380128,6.595593575,6.512679805,6.19145636,5.994302989,5.949051773,6.057816466,6.044174437,6.550227151,6.569589764
Puerto Rico,16.18000031,16.93000031,16.90999985,14.56000042,13.93000031,13.64000034,13.80000019,13.46000004,11.81000042,10.07999992,11.34000015,11.93999958,11.77999973,10.31000042,11.35000038,11.01000023,10.93000031,11.47999954,15,16.37000084,15.94999981,14.47999954,14.30000019,13.90999985,12,11.77999973,11.66899967
"Korea, Dem. People’s Rep.",8.06000042,8.345999718,7.789000034,7.013000011,7.436999798,4.938000202,4.874000072,4.681000233,4.443999767,4.540999889,4.421000004,4.5,4.501999855,4.512000084,4.46600008,4.605000019,4.600999832,4.46999979,4.581999779,4.561999798,4.515999794,4.493000031,4.492000103,4.480999947,4.522999763,4.721000195,4.776000023
Portugal,3.920000076,3.980000019,5.300000191,6.710000038,7.059999943,7.300000191,6.570000172,4.650000095,4.599999905,3.819999933,3.829999924,4.5,6.130000114,6.320000172,7.579999924,7.650000095,7.960000038,7.550000191,9.430000305,10.77000046,12.68000031,15.52999973,16.18000031,13.89000034,12.43999958,11.06999969,9.032999992
Paraguay,5.099999905,5.269999981,5.059999943,4.409999847,3.400000095,8.149999619,5.360000134,5.300000191,9.399999619,7.610000134,7.599999905,10.76000023,8.06000042,7.400000095,5.800000191,6.699999809,5.619999886,5.590000153,5.460000038,4.570000172,4.670000076,4.090000153,4.380000114,5.03000021,4.559999943,5.25,5.796999931
West Bank and Gaza,24.1060009,24.05500031,24.05500031,24.07799911,24.26499939,23.79999924,20.29999924,14.56999969,11.60999966,14.22000027,24.94000053,30.68000031,24.45000076,26.78000069,23.45999908,23.57999992,21.38999939,25.98999977,24.54999924,23.72999954,20.94000053,22.96999931,23.39999962,26.95000076,25.89999962,27.03000069,27.85199928
Pacific island small states,4.478663016,4.19447501,4.463768499,4.423853079,4.300026958,4.507888856,4.708430575,4.975433812,5.257827906,5.421634129,5.657046949,5.798905053,5.723298376,3.942542585,3.805831339,4.570089002,5.482783847,5.703483177,5.612324631,5.760003266,5.85815665,5.976525741,5.313539682,4.654402453,4.608351838,4.647543999,4.649007943
Post-demographic dividend,6.693459454,7.206169668,7.658678834,7.628463631,7.242351411,7.321080203,7.187289962,7.258768692,6.985241632,6.436384623,6.276589211,6.642790856,6.761379445,6.57484266,6.273475551,5.857725245,5.452998798,5.795360068,7.951310168,8.242236144,7.965651912,8.021480346,7.929720821,7.402926973,6.797372189,6.349793626,5.866960961
French Polynesia,13.88099957,13.76000023,13.55099964,13.31400013,13.11999989,12.89999962,12.50699997,12.05500031,11.66399956,11.38500023,11.21199989,11.71000004,11.77600002,11.84200001,11.82400036,11.83100033,11.73999977,13.77400017,15.80200005,17.96800041,20.00900078,21.79000092,21.65299988,21.49300003,21.37100029,20.99099922,20.77300072
Qatar,3.881000042,4.210999966,3.756999969,3.719000101,3.621999979,3.701999903,4.093999863,4.261000156,4.414999962,4.921999931,5.387000084,4.669000149,3.776000023,2.056999922,1.567000031,1.360999942,0.565999985,0.344000012,0.349999994,0.442999989,0.566999972,0.456999987,0.294,0.216999993,0.165000007,0.148000002,0.158000007
Romania,8.135000229,8.260000229,8.305999756,8.170000076,8.010000229,6.739999771,5.510000229,5.630000114,6.239999771,6.96999979,6.559999943,8.109999657,6.949999809,7.71999979,7.170000076,7.269999981,6.409999847,5.789999962,6.860000134,6.960000038,7.179999828,6.789999962,7.099999905,6.800000191,6.809999943,5.900000095,5.211999893
Russian Federation,5.718999863,5.309999943,5.909999847,8.079999924,9.659999847,9.859999657,11.81000042,13.39000034,13.52999973,10.57999992,8.979999542,7.920000076,8.229999542,7.78000021,7.170000076,7.159999847,6.099999905,6.320000172,8.420000076,7.369999886,6.539999962,5.440000057,5.460000038,5.159999847,5.570000172,5.537000179,5.172999859
Rwanda,0.300000012,0.358999997,0.412999988,0.467999995,0.523000002,0.560000002,0.612999976,0.666000009,0.720000029,0.774999976,0.829999983,0.889999986,1.154000044,1.427000046,1.69599998,1.960999966,2.221999884,2.486999989,2.739000082,2.997999907,3.253999949,3.440000057,2.272000074,1.169999957,1.164999962,1.231999993,1.297000051
South Asia,4.109861018,3.95430338,3.927010145,3.849405006,3.917178666,4.020878274,4.238571246,4.217988291,4.214842399,4.510119409,4.588635094,4.669425516,4.673961035,4.673035601,4.686076793,4.36450295,4.149073412,4.214274851,4.046810088,3.301768064,3.334540659,3.525772462,3.58762649,3.440419326,3.674427717,3.702249822,3.727742795
Saudi Arabia,7.854000092,7.199999809,6.005000114,5.204999924,4.452000141,4.171000004,3.720000029,3.246999979,4.349999905,4.570000172,4.619999886,5.269999981,5.559999943,5.820000172,6.050000191,6.25,5.730000019,5.079999924,5.380000114,5.550000191,5.769999981,5.519999981,5.570000172,5.71999979,5.590000153,5.860000134,5.71600008
Sudan,14.06499958,13.40299988,13.93400002,13.66899967,13.75699997,14.03499985,14.15600014,13.77099991,13.72200012,13.89999962,13.79599953,13.54899979,13.63300037,13.44400024,12.95699978,13.41699982,13.33500004,12.93799973,13,12.88399982,12.72599983,12.68999958,12.95400047,12.74800014,12.85400009,12.81499958,12.79899979
Senegal,5.664000034,5.666999817,5.669000149,5.666999817,5.669000149,5.669000149,5.671999931,5.675000191,5.673999786,5.668000221,5.663000107,5.650000095,6.756999969,7.854000092,8.949000359,10.02999973,10.07400036,10.11499977,10.16300011,10.22299957,10.35999966,9.024999619,7.688000202,6.356999874,4.849999905,4.847000122,4.84499979
Singapore,2.180000067,3.089999914,3.069999933,3.029999971,3.299999952,3.569999933,2.5,3.410000086,4.849999905,3.700000048,3.75999999,5.650000095,5.929999828,5.840000153,5.590000153,4.480000019,3.900000095,3.960000038,4.380000114,3.170000076,2.960000038,2.880000114,2.789999962,2.799999952,1.690000057,1.799999952,2.023999929
Solomon Islands,2.246999979,2.28399992,2.246000051,2.27699995,2.282999992,2.21600008,2.191999912,2.194000006,2.167000055,2.142999887,2.144000053,2.141000032,2.184000015,2.174999952,2.176000118,2.108999968,2.105999947,2.092999935,2.019999981,2.071000099,2.08100009,2.039000034,2.032000065,2.032999992,2.036999941,2.04399991,2.049999952
Sierra Leone,3.382999897,3.394000053,3.391000032,3.390000105,3.398999929,3.403000116,3.403000116,3.394000053,3.397000074,3.391000032,3.390000105,3.38499999,3.385999918,3.420000076,3.576999903,3.726000071,3.868999958,4.006999969,4.139999866,4.269000053,4.393000126,4.513000011,4.630000114,4.679999828,4.703000069,4.59800005,4.47300005
El Salvador,7.53000021,7.880000114,9.93999958,7.679999828,7.650000095,7.679999828,7.980000019,7.099999905,6.679999828,6.960000038,6.960000038,5.730000019,6.260000229,6.050000191,7.21999979,6.570000172,6.409999847,5.880000114,7.329999924,4.889999866,4.300000191,3.849999905,3.690000057,4.159999847,4,4.420000076,4.515999794
Somalia,5.929999828,5.934999943,5.920000076,5.927000046,5.906000137,5.893000126,5.889999866,5.870999813,5.860000134,5.856999874,5.855000019,5.857999802,5.864999771,5.876999855,5.890999794,5.914000034,5.936999798,5.960999966,5.984000206,6.006999969,6.027999878,6.044000149,6.058000088,6.071000099,6.080999851,6.024000168,5.979000092
Serbia,12.62800026,12.48499966,12.61299992,13.61999989,13.39999962,13.19999981,13.80000019,13.69999981,13.69999981,12.60000038,12.80000019,13.80000019,15.19999981,18.5,20.85000038,20.85000038,18.05999947,13.63000011,16.10000038,19.21999931,22.96999931,24,22.14999962,19.21999931,17.92000008,15.26000023,14.10499954
Sub-Saharan Africa (excluding high income),8.318187645,8.306877294,7.886003821,7.606383605,7.544149508,7.924771645,8.186576881,8.430517052,8.580298829,8.378514574,8.42533248,8.327251124,8.185839731,7.929612024,7.657339146,7.462754167,7.37214554,7.280318816,7.290596429,7.268275826,7.046325815,6.837399931,6.70508488,6.78040793,6.787879877,7.274706723,7.344829084
South Sudan,11.94799995,11.6420002,11.80700016,11.76099968,12.2489996,12.2159996,12.31599998,12.06499958,12.07900047,12.03299999,12.11600018,12.21100044,12.01000023,12.18299961,12.17199993,12.14500046,12.20699978,12.14999962,12.11400032,12.14400005,11.66800022,11.27600002,12.92700005,12.17399979,11.99400043,11.54199982,11.54300022
Sub-Saharan Africa,8.318187645,8.306877294,7.886003821,7.606383605,7.544149508,7.924771645,8.186576881,8.430517052,8.580298829,8.378514574,8.42533248,8.327251124,8.185839731,7.929612024,7.657339146,7.462754167,7.37214554,7.280318816,7.290596429,7.268275826,7.046325815,6.837399931,6.70508488,6.78040793,6.787879877,7.274706723,7.344829084
Small states,12.82372854,12.82100668,13.76526195,13.77630954,14.09375577,13.57048527,13.8343902,13.97473298,12.76368622,12.11903888,12.46118716,12.88736391,12.54884169,12.61094454,12.18704136,11.15429944,10.84189778,10.70161101,11.24807429,10.86844851,10.74331538,10.3620766,10.62520055,10.31321555,10.27103588,10.44174714,10.27460969
Sao Tome and Principe,14.43099976,14.39099979,14.33399963,14.31299973,14.3380003,14.34700012,14.41100025,14.48600006,14.49800014,14.42000008,15.72999954,17.62999916,16.36000061,16.12000084,16.46999931,16.64999962,16.13299942,15.65699959,15.14999962,14.60200024,13.99400043,13.59000015,13.47500038,13.37300014,13.29699993,13.35299969,13.39099979
Suriname,21.625,17.28000069,15.64000034,12.69999981,8.390000343,10.88000011,10.56000042,10.63000011,13.60000038,12.79599953,10.87899971,10.75199986,9.74600029,9.489999771,9.803999901,9.336000443,9.19699955,9.102999687,9.020000458,7.559999943,6.927999973,6.289000034,4.840000153,6.940000057,7.21999979,8.175000191,8.123999596
Slovak Republic,12.19499969,12.3760004,12.19999981,13.64999962,13.10999966,11.34000015,11.89000034,12.18999958,15.94999981,19.05999947,19.37999916,18.71999931,17.12000084,18.60000038,16.26000023,13.36999989,11.14000034,9.510000229,12.02999973,14.38000011,13.61999989,13.96000004,14.22000027,13.18000031,11.47999954,9.670000076,7.900000095
Slovenia,7.079999924,7.721000195,8.510000229,8.239999771,7.150000095,6.909999847,6.650000095,7.389999866,7.320000172,6.920000076,5.679999828,5.920000076,6.480000019,6.010000229,6.510000229,5.949999809,4.820000172,4.369999886,5.860000134,7.239999771,8.170000076,8.840000153,10.10000038,9.670000076,8.960000038,8,6.861999989
Sweden,3.24000001,5.71999979,9.329999924,9.579999924,8.899999619,9.550000191,10.35999966,8.93999958,7.610000134,5.46999979,3.980000019,3.99000001,4.880000114,5.519999981,7.670000076,7.050000191,6.119999886,6.179999828,8.300000191,8.579999924,7.769999981,7.960000038,8.010000229,7.920000076,7.400000095,6.989999771,6.755000114
Swaziland,22.02400017,21.92700005,21.81599998,21.71899986,21.64999962,21.84600067,22.5,22.44599915,22.37899971,22.29500008,22.25200081,22.20299911,22.16300011,22.12999916,22.09399986,22.0189991,28.23999977,28.12999916,27.97500038,27.79199982,27.5340004,27.23200035,26.91300011,26.61199951,26.33200073,26.34799957,26.39599991
Syrian Arab Republic,6.75,7.170000076,7.400000095,7.5,7.199999809,11.81900024,15.19999981,10.10200024,7.599999905,2.299999952,11.19999981,11.68000031,10.27999973,10.84700012,9.852999687,8.170000076,8.420000076,10.92000008,8.140000343,8.609999657,14.89999962,14.53199959,14.41499996,14.43200016,14.56499958,14.98799992,15.17300034
Chad,5.449999809,5.459000111,5.471000195,5.519999981,5.522999763,5.559000015,5.592999935,5.616000175,5.605999947,5.617000103,5.679999828,5.684999943,5.714000225,5.737999916,5.718999863,5.702000141,5.71600008,5.717000008,5.718999863,5.745999813,5.699999809,5.703999996,5.69299984,5.68200016,5.659999847,5.784999847,5.886000156
East Asia & Pacific (IDA & IBRD countries),4.340294687,3.919484704,3.901694983,3.933790257,4.11198457,4.148381151,4.261593982,4.514291364,4.555002482,4.369945154,4.375856647,4.275772529,4.171384904,4.21524263,4.205573272,4.093902975,3.955448105,4.299857655,4.159311302,3.998556985,4.013488094,4.009288342,4.051157827,4.052274774,4.105166134,4.095250517,4.132198748
Europe & Central Asia (IDA & IBRD countries),7.452202867,7.264092638,7.629439842,8.743981702,9.246576164,9.58000446,10.30087036,11.04763872,11.58093764,10.70484831,10.35643355,10.22831821,10.07480007,9.857600219,9.275553227,8.588953301,7.591729273,7.389671229,9.02645165,8.603989975,8.073225573,7.592609081,7.638936122,7.67465933,7.637709948,7.439417268,7.171109186
Togo,1.901000023,1.901000023,1.901000023,1.909000039,1.909999967,1.90199995,1.90199995,1.894999981,1.89199996,1.88499999,1.881000042,1.878000021,1.876000047,1.871000051,1.866000056,1.863999963,1.861999989,1.860999942,1.860999942,1.860000014,1.860000014,1.853999972,1.850000024,1.845999956,1.842000008,1.842000008,1.843999982
Thailand,2.720000029,1.389999986,1.50999999,1.350000024,1.139999986,1.070000052,0.870000005,3.400000095,2.960000038,2.390000105,2.599999905,1.820000052,1.539999962,1.50999999,1.350000024,1.220000029,1.179999948,1.179999948,1.49000001,0.620000005,0.660000026,0.579999983,0.49000001,0.579999983,0.600000024,0.936999977,1.082999945
Tajikistan,7.625,6.600999832,6.859000206,7.197999954,7.527999878,11.28100014,11.52999973,11.22200012,11.66800022,11.30799961,11.07499981,11.46100044,11.4090004,11.3739996,11.19299984,11.1239996,11.20600033,11.1260004,11.5,11.72099972,11.15799999,10.75,10.60599995,10.47299957,10.36299992,10.3039999,10.28100014
Turkmenistan,2.805000067,2.47300005,2.503999949,2.621999979,2.752000093,4.040999889,4.244999886,3.982000113,3.984999895,3.892999887,3.815000057,3.940999985,3.913000107,3.924999952,3.812999964,3.808000088,3.834000111,3.752000093,3.938999891,4,3.746999979,3.665999889,3.630000114,3.576999903,3.575000048,3.479000092,3.401000023
Latin America & the Caribbean (IDA & IBRD countries),7.610380856,6.213253344,6.192244718,8.201371693,7.660002514,8.021699638,7.796346705,8.237200858,9.187249443,10.728714,8.936594333,9.299834524,9.160466793,8.491871082,8.098942469,7.503510419,6.980807983,7.457431979,7.576238865,7.303260095,6.486511439,6.492719629,6.34497344,6.144198158,6.620113322,7.853834811,8.311115412
Timor-Leste,10.47799969,10.26900005,10.06299973,9.869000435,9.720000267,9.57199955,9.512999535,9.395999908,9.251000404,9.892999649,9.899999619,8.803999901,8.30300045,7.747000217,7.18200016,6.204999924,6.699999809,5.684999943,4.734000206,3.299999952,3.260999918,3.23300004,3.230999947,3.26699996,3.295000076,3.365999937,3.430999994
Middle East & North Africa (IDA & IBRD countries),13.10919972,13.13878967,13.59624137,13.85808132,14.59793971,14.02779117,13.82010587,14.20567871,13.51755518,14.16778487,14.38465022,13.96181014,14.003101,12.55837898,12.74721552,11.71819306,11.19472408,10.83526433,10.83720401,11.92243557,11.694245,11.99760721,11.48647955,11.49368021,11.65070659,11.78047244,11.82604074
Tonga,1.434999943,1.345999956,1.299999952,1.68599999,2.095999956,2.479000092,2.887000084,3.364000082,3.792999983,4.223999977,4.632999897,5,5.179999828,4.072999954,2.96600008,1.090000033,1.085999966,1.087000012,1.078999996,1.075000048,1.070000052,1.06400001,1.078999996,1.105000019,1.113000035,1.143000007,1.171000004
South Asia (IDA & IBRD),4.109861018,3.95430338,3.927010145,3.849405006,3.917178666,4.020878274,4.238571246,4.217988291,4.214842399,4.510119409,4.588635094,4.669425516,4.673961035,4.673035601,4.686076793,4.36450295,4.149073412,4.214274851,4.046810088,3.301768064,3.334540659,3.525772462,3.58762649,3.440419326,3.674427717,3.702249822,3.727742795
Sub-Saharan Africa (IDA & IBRD countries),8.318187645,8.306877294,7.886003821,7.606383605,7.544149508,7.924771645,8.186576881,8.430517052,8.580298829,8.378514574,8.42533248,8.327251124,8.185839731,7.929612024,7.657339146,7.462754167,7.37214554,7.280318816,7.290596429,7.268275826,7.046325815,6.837399931,6.70508488,6.78040793,6.787879877,7.274706723,7.344829084
Trinidad and Tobago,18.52000046,19.65999985,19.80999947,18.44000053,17.21999931,16.25,15.01000023,14.21000004,13.11999989,12.10000038,10.88000011,10.39000034,10.47999954,8.329999924,7.949999809,6.269999981,5.539999962,4.630000114,5.28000021,5.929999828,4.659999847,5.039999962,3.589999914,3.309999943,3.390000105,4.373000145,4.842000008
Tunisia,16.62999916,16.70299911,16.29999924,16.29000092,16.05400085,16.15600014,15.93999958,17.2670002,16,15.69999981,15.10000038,15.30000019,14.51000023,14.23999977,12.86999989,12.51000023,12.35999966,12.43999958,13.28999996,13.05000019,18.32999992,17.62999916,15.93000031,15.05799961,15.22000027,15.51000023,15.24199963
Turkey,8.210000038,8.510000229,8.960000038,8.579999924,7.639999866,6.630000114,6.840000153,6.889999866,7.690000057,6.489999771,8.380000114,10.35999966,10.53999996,10.84000015,10.64000034,8.720000267,8.869999886,9.710000038,12.55000019,10.65999985,8.800000191,8.149999619,8.729999542,9.880000114,10.23999977,10.84000015,11.26299953
Tanzania,3.599999905,3.732000113,3.864000082,3.994999886,4.126999855,4.263999939,4.392000198,4.522999763,4.657000065,4.785999775,5.099999905,3.599999905,3.880000114,4.164999962,4.443999767,4.659999847,4.041999817,3.506000042,2.5,2.973999977,3.470000029,3.240999937,2.930000067,2.119999886,2.118000031,2.167999983,2.214999914
Uganda,0.939999998,0.920000017,1.177000046,1.43599999,1.69599998,1.952999949,2.211999893,2.474999905,2.74000001,2.996000051,3.265000105,3.49000001,3.200000048,2.546000004,1.899999976,2.467000008,3.036999941,3.60800004,4.159999847,4.006000042,3.849999905,3.549999952,1.909999967,1.907999992,1.904999971,2.00999999,2.104000092
Ukraine,5.762000084,5.493999958,5.18200016,5.249000072,5.619999886,7.650000095,8.930000305,11.31999969,11.59000015,11.63000011,10.94999981,9.630000114,9.06000042,8.590000153,7.179999828,6.809999943,6.349999905,6.360000134,8.840000153,8.100000381,7.860000134,7.53000021,7.170000076,9.270000458,9.140000343,9.350000381,9.454999924
Upper middle income,6.142981904,5.568745474,5.504983061,5.988345212,6.100541621,6.231415589,6.341287004,6.740776206,6.960757803,6.936488632,6.545025724,6.47525798,6.375543929,6.124847328,5.915355367,5.622322908,5.277409086,5.722967358,5.923190538,5.750662096,5.560439492,5.601422894,5.591684185,5.588861649,5.763711197,6.125025776,6.269071024
Uruguay,8.949999809,8.960000038,8.350000381,9.039999962,10.02000046,11.93000031,11.43999958,9.779999733,11.28999996,13.32999992,14.89999962,16.90999985,16.35000038,13.13899994,12.19999981,10.56000042,9.149999619,7.699999809,7.300000191,7.159999847,6.309999943,6.449999809,6.440000057,6.550000191,7.489999771,7.840000153,8.130999565
United States,6.829999924,7.5,6.920000076,6.099999905,5.599999905,5.400000095,4.940000057,4.510000229,4.21999979,3.99000001,4.730000019,5.78000021,5.989999771,5.53000021,5.079999924,4.619999886,4.619999886,5.78000021,9.25,9.630000114,8.949999809,8.069999695,7.380000114,6.170000076,5.28000021,4.869999886,4.438000202
Uzbekistan,6.552999973,6.313000202,6.478000164,6.40899992,6.521999836,8.319999695,8.270999908,8.274999619,8.270000458,8.277000427,8.274999619,8.282999992,8.286000252,8.25399971,8.26099968,8.255999565,8.229000092,8.227999687,8.222999573,8.192000389,8.156999588,8.11400032,8.06400013,8.003000259,7.93900013,7.513999939,7.176000118
St. Vincent and the Grenadines,19.77000046,18.93899918,19.45000076,20.3029995,18.92900085,19.87999916,19.32099915,19.14800072,19.5720005,19.60899925,21.10000038,19.78499985,19.22299957,19.07799911,18.8939991,17.95599937,18.01399994,18.79999924,18.84199905,18.81599998,18.50300026,18.18099976,17.88400078,18.22800064,17.98800087,18.21100044,18.28499985
"Venezuela, RB",9.479999542,7.690000057,6.619999886,8.640000343,10.23999977,11.77000046,11.35000038,11.14999962,14.51000023,13.22999954,12.77999973,16.17000008,16.78000069,13.93999958,11.35000038,9.329999924,7.46999979,6.849999905,8.050000191,8.449999809,7.840000153,7.409999847,7.789999962,6.949999809,6.820000172,7.861999989,8.06099987
Virgin Islands (U.S.),8.43999958,8.395000458,7.28399992,9.105999947,8.347000122,7.919000149,8.449999809,7.392000198,7.907999992,6.447000027,7.467999935,6.073999882,8.074999809,7.696000099,7.684000015,7.294000149,7.193999767,7.414999962,8.034999847,7.306000233,8.111000061,8.465999603,7.888999939,7.452000141,7.342000008,7.237999916,7.132999897
Vietnam,2.042999983,2.036999941,2.007999897,1.983999968,1.957999945,1.929999948,2.869999886,2.289999962,2.329999924,2.25999999,2.75999999,2.119999886,2.25,2.140000105,2.299000025,2.448999882,2.595999956,2.380000114,2.609999895,2.640000105,2.019999981,1.769999981,1.950000048,1.870000005,2.119999886,2.099999905,2.052999973
Vanuatu,5.526000023,5.522999763,5.500999928,5.572000027,5.478000164,5.511000156,5.554999828,5.515999794,5.520999908,5.597000122,5.519999981,5.540999889,5.623000145,5.611000061,5.611999989,5.617000103,5.558000088,5.539999962,5.460000038,5.402999878,5.369999886,5.343999863,5.31400013,5.287000179,5.263999939,5.267000198,5.224999905
World,5.82408985,5.636347691,5.709953605,5.90985124,5.923222293,6.00680387,6.098728316,6.292225588,6.369172067,6.315059352,6.159382117,6.226077935,6.189090439,6.045321927,5.913908139,5.6017567,5.318122918,5.526707496,5.942828291,5.781210581,5.60571362,5.609050329,5.577684628,5.439857589,5.450925679,5.543634161,5.520819783
Samoa,2.099999905,2.430000067,2.678999901,2.990999937,3.230999947,3.476000071,3.664000034,3.894000053,4.090000153,4.34800005,4.960000038,4.212999821,3.477999926,2.743999958,2.061000109,1.289999962,2.154000044,3.055999994,3.895999908,4.78399992,5.679999828,8.75,8.812999725,8.720000267,8.76099968,8.487000465,8.206000328
"Yemen, Rep.",8.545999527,8.49600029,8.300999641,8.340000153,8.87899971,9.48900032,10.15699959,10.82900047,11.46000004,12.77200031,13.7840004,14.88300037,15.91499996,16.22999954,16.04999924,15.69999981,15.32999992,14.97000027,14.63000011,17.81999969,15.38300037,15.01500034,14.31599998,13.47000027,13.07400036,13.48999977,13.76799965
South Africa,29.42200089,30.30400085,24.38100052,20,16.89999962,21,22.89999962,25,25.37000084,23.27000046,25.37000084,27.18000031,27.12000084,24.67000008,23.84000015,22.62000084,22.32999992,22.43000031,23.54000092,24.69000053,24.64999962,24.72999954,24.56999969,24.89999962,25.15999985,26.54999924,27.71800041
Zambia,18.89999962,19.38800049,19.70000076,18.5,17.2840004,15,13.42599964,12,12.49199963,12.93000031,12.42599964,11.91100025,11.40200043,10.88500023,10.36699963,9.770999908,9.178999901,7.929999828,10.61499977,13.18999958,9.989999771,7.849999905,7.815999985,7.782999992,7.75,7.77699995,7.791999817
Zimbabwe,4.995999813,4.973999977,4.986000061,5,5.5,6.018000126,6.929999828,6.572000027,6,5.708000183,5.368999958,4.972000122,4.554999828,4.389999866,4.543000221,4.686999798,4.822000027,4.940999985,5.122000217,5.269000053,5.369999886,5.369999886,5.303999901,5.245999813,5.191999912,5.179999828,5.15899992
